{"cameraMode":{"drawMode":0,"name":"Shaded","section":"Shading Mode"},"sceneLighting":false,"audioPlay":false,"sceneViewState":{"showFog":true,"showMaterialUpdate":true,"showSkybox":false,"showFlares":true,"showImageEffects":true,"showParticleSystems":true},"in2DMode":false,"pivot":{"x":-0.3399999141693115,"y":-0.49000030755996706,"z":0.30114030838012698},"rotation":{"x":-0.06062622368335724,"y":-0.19134357571601869,"z":0.011841869913041592,"w":-0.9795774221420288},"size":27.195423126220704,"orthographic":false}