{"cameraMode":{"drawMode":0,"name":"Shaded","section":"Shading Mode"},"sceneLighting":false,"audioPlay":false,"sceneViewState":{"showFog":true,"showMaterialUpdate":true,"showSkybox":false,"showFlares":true,"showImageEffects":true,"showParticleSystems":true},"in2DMode":false,"pivot":{"x":-0.10096800327301026,"y":-0.11999998986721039,"z":-4.289999961853027},"rotation":{"x":-0.1743454784154892,"y":0.07877854257822037,"z":-0.013994433917105198,"w":-0.9814284443855286},"size":3.4019219875335695,"orthographic":false}