{"cameraMode":{"drawMode":0,"name":"Shaded","section":"Shading Mode"},"sceneLighting":false,"audioPlay":false,"sceneViewState":{"showFog":true,"showMaterialUpdate":true,"showSkybox":false,"showFlares":true,"showImageEffects":true,"showParticleSystems":true},"in2DMode":false,"pivot":{"x":0.7018691301345825,"y":-0.22802883386611939,"z":0.706611156463623},"rotation":{"x":-0.089898481965065,"y":0.24970874190330506,"z":-0.023290283977985383,"w":-0.9638575911521912},"size":3.827291488647461,"orthographic":false}