{"cameraMode":{"drawMode":0,"name":"Shaded","section":"Shading Mode"},"sceneLighting":true,"audioPlay":false,"sceneViewState":{"showFog":true,"showMaterialUpdate":true,"showSkybox":true,"showFlares":true,"showImageEffects":true,"showParticleSystems":true},"in2DMode":false,"pivot":{"x":-1.4119031429290772,"y":1.6387743949890137,"z":-2.5972461700439455},"rotation":{"x":0.2908969819545746,"y":0.07540061324834824,"z":-0.02300295978784561,"w":0.9535012245178223},"size":0.4582974910736084,"orthographic":false}